n,mp,mp11,nth_pack_element
0,0.016054153442382812,0.11917757987976074,0.04393362998962402
1,0.016060829162597656,0.11860442161560059,0.044112443923950195
