n,mp,mp11
0,0.0356450080871582,0.11941766738891602
1,0.01648879051208496,0.1181783676147461
