n,mp,mp11
0,0.01595306396484375,0.11773331960042317
10,0.02209194501241048,0.12092828750610352
20,0.03078468640645345,0.12563586235046387
30,0.04302406311035156,0.1315459410349528
40,0.05725328127543131,0.13751347859700522
50,0.0757600466410319,0.14632391929626465
60,0.09715882937113444,0.15573708216349283
70,0.12284366289774577,0.16731524467468262
80,0.1513047218322754,0.17726810773213705
90,0.18363245328267416,0.1880315144856771
100,0.21741183598836264,0.20065061251322427
