n,mp,mp11
0,0.016010761260986328,0.1187289555867513
10,0.022663275400797527,0.12216297785441081
20,0.03215781847635905,0.1269855499267578
30,0.04360834757486979,0.13113919893900552
40,0.05818359057108561,0.13782127698262533
50,0.07616750399271648,0.1467765967051188
60,0.0969996452331543,0.15503772099812826
70,0.12304997444152832,0.16636006037394205
80,0.15146517753601074,0.17722455660502115
90,0.18341612815856934,0.18900179862976074
100,0.21789328257242838,0.20047720273335776
