n,mp,mp11
0,0,0
10,0.006977637608846031,0.0034077962239583426
20,0.01607131958007812,0.007715066274007157
30,0.027623971303304035,0.012649615605672196
40,0.04234051704406738,0.018860022226969406
50,0.0604694684346517,0.028419733047485338
60,0.08111373583475749,0.03641581535339357
70,0.10706814130147298,0.048084815343221024
80,0.13566811879475912,0.05887452761332193
90,0.1676973501841227,0.07037138938903809
100,0.2021059195200602,0.08242925008138022
