n,mp,mp11
0,0.016185522079467773,0.11821452776590984
10,0.022564013799031574,0.1213994026184082
20,0.031850973765055336,0.12609306971232095
30,0.043613433837890625,0.13169360160827637
40,0.058443546295166016,0.1371424992879232
50,0.07587639490763347,0.1458152929941813
60,0.09736879666646321,0.15448856353759766
70,0.1226654052734375,0.16541330019632974
80,0.15116477012634277,0.17704057693481445
90,0.1831190586090088,0.18771115938822427
