n,mp,mp11
0,0.015961074829101564,0.11832270622253419
10,0.022673940658569335,0.1245162010192871
20,0.032468414306640624,0.13242344856262206
30,0.04693155288696289,0.14646849632263184
40,0.0672067642211914,0.16123080253601074
50,0.09193902015686035,0.17957186698913574
60,0.12517800331115722,0.2046989917755127
70,0.16025562286376954,0.23062877655029296
80,0.20398392677307128,0.26451406478881834
90,0.2542609214782715,0.306890869140625
100,0.31052584648132325,0.34484028816223145
