n,mp,mp11
0,0.0005311965942382812,0.0006142457326253209
10,0.0068359375,0.005845308303833008
20,0.01614872614542643,0.01435232162475586
30,0.030710140864054363,0.028174002965291337
40,0.05079913139343262,0.04268399874369304
50,0.07541346549987793,0.06172545750935872
60,0.10687621434529622,0.0866367816925049
70,0.1444543202718099,0.11135395367940266
80,0.18762509028116864,0.14630651473999023
90,0.2391480604807536,0.1887209415435791
100,0.29701073964436847,0.22511521975199383
