n,mp,mp11
0,0.016293843587239582,0.12024172147115071
10,0.022506554921468098,0.12481490770975749
20,0.03239003817240397,0.13266396522521973
30,0.0470731258392334,0.14630023638407388
40,0.06675076484680176,0.1611626148223877
50,0.09149567286173503,0.18004409472147623
60,0.12271308898925781,0.2051535447438558
70,0.16074403127034506,0.23042845726013184
80,0.20383675893147787,0.26464049021402997
90,0.25476495424906415,0.3072021007537842
100,0.3129275639851888,0.34373998641967773
