n,mp,mp11
0,0.015616655349731445,0.1195998986562093
10,0.021895170211791992,0.12462608019510905
20,0.03143437703450521,0.13248682022094727
30,0.04627275466918945,0.14691789944966635
40,0.06537008285522461,0.161971648534139
50,0.09140102068583171,0.17970585823059082
60,0.1221616268157959,0.2040872573852539
70,0.1599253018697103,0.2304817040761312
80,0.20336596171061197,0.26363881429036456
90,0.25354894002278644,0.30646149317423504
100,0.31054504712422687,0.34387946128845215
