n,mp,mp11
0,0.015977144241333008,0.11817240715026855
10,0.022364060084025066,0.12394777933756511
20,0.032264391581217446,0.13223814964294434
30,0.04705492655436198,0.1462219556172689
40,0.0664826234181722,0.1609949270884196
50,0.09181674321492513,0.1786834398905436
60,0.1224205493927002,0.2040091355641683
70,0.16041390101114908,0.2304370403289795
80,0.20389644304911295,0.26374443372090656
90,0.2540551821390788,0.43961914380391437
