n,mp,mp11
0,0.01607990264892578,0.11844348907470703
1,0.01640915870666504,0.11819148063659668
