n,mp,mp11
0,0.015950123469034832,0.11919784545898438
10,0.018707116444905598,0.1208658218383789
20,0.02007603645324707,0.12332622210184734
30,0.022408008575439453,0.12552809715270996
40,0.02479235331217448,0.12710165977478027
50,0.027229150136311848,0.13062143325805664
60,0.030508756637573242,0.13337302207946777
70,0.03377739588419596,0.13807042439778647
80,0.03765765825907389,0.14265155792236328
90,0.04194291432698568,0.14644479751586914
100,0.04598259925842285,0.15117367108662924
