n,mp,mp11
0,0.016388575236002605,0.1184860070546468
10,0.0189208189646403,0.12053378423055013
20,0.020578622817993164,0.12320526440938313
30,0.022549867630004883,0.12588238716125488
40,0.02476668357849121,0.12909650802612305
50,0.027391513188680012,0.13003031412760416
60,0.03049612045288086,0.13308223088582358
70,0.03412977854410807,0.1381410757700602
80,0.038219054539998375,0.1426396369934082
90,0.041976213455200195,0.14635292689005533
100,0.04565803209940592,0.1521009604136149
