n,mp,mp11
0,0.015844424565633137,0.11830759048461914
10,0.01877562204996745,0.12029170989990234
20,0.0199433167775472,0.12254675229390462
30,0.022181113560994465,0.1257659594217936
40,0.02425686518351237,0.12754623095194498
50,0.027128060658772785,0.1298816204071045
60,0.030213435490926106,0.13329744338989258
70,0.03372605641682943,0.1374037265777588
80,0.0376582940419515,0.14228971799214682
90,0.04192884763081869,0.14633401234944662
