n,mp,mp11
0,0,0
10,0.002909104029337563,0.002278010050455734
20,0.004209121068318684,0.0050029754638671875
30,0.006342569986979168,0.0062967141469319615
40,0.008897066116333008,0.007857799530029297
50,0.01117086410522461,0.011972268422444657
60,0.014425516128540039,0.01500932375590007
70,0.017997662226359047,0.01992265383402507
80,0.022026300430297848,0.02390766143798828
90,0.025948127110799156,0.02785094579060872
100,0.030523459116617836,0.033244609832763686
