n,mp,mp11
0,0.016140079498291014,0.11858463287353516
10,0.018639326095581055,0.12097492218017578
20,0.020233535766601564,0.12331852912902833
30,0.022421789169311524,0.12543320655822754
40,0.02476778030395508,0.12770986557006836
50,0.02719254493713379,0.1302485942840576
60,0.030394601821899413,0.13336567878723143
70,0.033712911605834964,0.13754210472106934
80,0.038178300857543944,0.14233384132385254
90,0.04181008338928223,0.14681792259216309
100,0.04597940444946289,0.1518557071685791
