n,mp,mp11
0,0.016260147094726562,0.11871814727783203
1,0.01643991470336914,0.11819720268249512
