n,mp,mp11
0,0.01598973274230957,0.11854052543640137
10,0.022751045227050782,0.12432236671447754
20,0.03377203941345215,0.1326231002807617
30,0.04819254875183106,0.1472412109375
40,0.06876721382141113,0.16223325729370117
50,0.09460015296936035,0.1808703899383545
60,0.12568936347961426,0.20662894248962402
70,0.16375865936279296,0.23271684646606444
80,0.20811848640441893,0.267268705368042
90,0.25902690887451174,0.30999164581298827
100,0.31659326553344724,0.3477764129638672
