n,mp,mp11
0,0.01605534553527832,0.11834915479024251
10,0.023082733154296875,0.12394420305887859
20,0.03381951649983724,0.13341951370239258
30,0.048149665196736656,0.14748573303222656
40,0.06829380989074707,0.1624275048573812
50,0.09405732154846191,0.18224779764811197
60,0.12540213267008463,0.20835677782694498
70,0.1636335849761963,0.233139435450236
80,0.20833690961201987,0.2690122922261556
90,0.2588972250620524,0.3104283809661865
100,0.31696335474650067,0.3472410837809245
