n,mp,mp11
0,0.016510645548502605,0.1181033452351888
10,0.024223168690999348,0.12433791160583496
20,0.034073591232299805,0.1328120231628418
30,0.048606554667154946,0.14697766304016113
40,0.06877541542053223,0.1620643138885498
50,0.09407154719034831,0.18027551968892416
60,0.12569570541381836,0.20729637145996094
70,0.1637298266092936,0.2326648235321045
80,0.20938452084859213,0.268596092859904
90,0.25968456268310547,0.3107101122538249
100,0.31631724039713544,0.34776051839192706
