n,mp,mp11
0,0.000179290771484375,2.7815500895089773e-06
10,0.0072154998779296875,0.005323251088460296
20,0.017769416173299156,0.01507878303527832
30,0.032133897145589195,0.028713862101236984
40,0.052580515543619796,0.04426630338033041
50,0.07837128639221191,0.06294226646423338
60,0.1095744768778483,0.08946816126505533
70,0.14800000190734863,0.1148702303568522
80,0.19245998064676922,0.15008997917175293
90,0.24328446388244632,0.19184501965840656
100,0.3010869026184082,0.2289724349975586
