n,mp,mp11
0,0.0162045955657959,0.11896514892578125
1,0.016881227493286133,0.11919641494750977
