n,mp,mp11
0,0.01641559600830078,0.1173105239868164
1,0.016888141632080078,0.11813497543334961
