n,mp,mp11
0,0,0.00037654240926107696
10,0.002220312754313152,0.0003139972686767578
20,0.003549814224243164,0.0007038116455078125
30,0.005617380142211914,0.002073129018147782
40,0.008684476216634113,0.003500779469807938
50,0.010472615559895832,0.004480838775634766
60,0.013214985529581707,0.007140556971232087
70,0.016326665878295895,0.009200890858968108
80,0.020562012990315758,0.01303323109944661
90,0.02324191729227702,0.015562534332275377
100,0.02835877736409505,0.01885342597961427
