n,mp,mp11
0,0.015995264053344727,0.11747972170511882
10,0.01754307746887207,0.11836433410644531
20,0.0190277099609375,0.11947671572367351
30,0.02050153414408366,0.1193535327911377
40,0.02286505699157715,0.12091430028279622
50,0.025412241617838543,0.12256312370300293
60,0.02856755256652832,0.12458737691243489
70,0.0318917433420817,0.12741359074910483
80,0.034938971201578774,0.13074421882629395
90,0.0399018923441569,0.13436388969421387
100,0.04429046312967936,0.13772948582967123
