n,mp,mp11
0,0.015790700912475586,0.11929456392923991
10,0.01811639467875163,0.11978864669799805
20,0.019477128982543945,0.1200563907623291
30,0.02149065335591634,0.12131571769714355
40,0.02442797025044759,0.12286337216695149
50,0.026558717091878254,0.12308955192565918
60,0.02921891212463379,0.12520496050516763
70,0.03251806894938151,0.1274231274922689
80,0.03645189603169759,0.1324758529663086
90,0.03959878285725912,0.13478581110636392
100,0.04424166679382324,0.13789637883504233
