n,mp,mp11
0,0.016014893849690754,0.11815245946248372
10,0.01797040303548177,0.11856802304585774
20,0.019189914067586262,0.11953393618265788
30,0.021323362986246746,0.1201933224995931
40,0.023416996002197266,0.12139026323954265
50,0.025727351506551106,0.12308549880981445
60,0.0290987491607666,0.12520035107930502
70,0.03231581052144369,0.12753772735595703
80,0.036062161127726235,0.1320629914601644
90,0.03979166348775228,0.13417323430379233
