n,mp,mp11
0,0.01594700813293457,0.11822609901428223
10,0.018002653121948244,0.11878781318664551
20,0.01955103874206543,0.11930480003356933
30,0.021164989471435545,0.12030582427978516
40,0.0234710693359375,0.1217580795288086
50,0.02607836723327637,0.12336435317993164
60,0.02886490821838379,0.1259601593017578
70,0.03218388557434082,0.12788515090942382
80,0.036028718948364256,0.13159799575805664
90,0.039755392074584964,0.13438062667846679
100,0.04407215118408203,0.13811807632446288
