n,mp,mp11
0,0.015782276789347332,0.11833127339680989
10,0.020852088928222656,0.1194456418355306
20,0.02845446268717448,0.12204988797505696
30,0.03954108556111654,0.12800176938374838
40,0.05360261599222819,0.13736279805501303
50,0.07165956497192383,0.14918780326843262
60,0.09423200289408366,0.1622136433919271
70,0.12180376052856445,0.1782701015472412
80,0.15520501136779785,0.20215129852294922
90,0.19339537620544434,0.22426962852478027
