n,mp,mp11
0,0.015758514404296875,0.1182553768157959
1,0.01669001579284668,0.11850523948669434
