n,mp,mp11
0,0.015816879272460938,0.11832971572875976
10,0.02117495536804199,0.11904635429382324
20,0.02826976776123047,0.12218718528747559
30,0.03912010192871094,0.1284642219543457
40,0.05402779579162598,0.1374673366546631
50,0.07199468612670898,0.14971013069152833
60,0.09435672760009765,0.16274280548095704
70,0.12234234809875488,0.17862467765808104
80,0.15557541847229003,0.20221686363220215
90,0.19363279342651368,0.2245427131652832
100,0.23639969825744628,0.2540006637573242
