n,mp,mp11
0,0.00029579798380533623,0
10,0.005222797393798828,0.0007074673970540457
20,0.012485424677530926,0.003956397374471024
30,0.02271111806233724,0.009716669718424484
40,0.037904977798461914,0.018809318542480455
50,0.05623006820678711,0.031648953755696624
60,0.07911761601765951,0.0446616808573405
70,0.10654942194620767,0.06015475591023764
80,0.1394975185394287,0.08411852518717447
90,0.17654728889465332,0.10662293434143068
100,0.22093923886617026,0.13526471455891925
