n,mp,mp11
0,0.015599250793457031,0.11819736162821452
10,0.0200653076171875,0.11846383412679036
20,0.027631521224975586,0.12173692385355632
30,0.03939406077067057,0.1275483767191569
40,0.052960713704427086,0.13771255811055502
50,0.0705878734588623,0.14920576413472494
60,0.0926656723022461,0.16230924924214682
70,0.12104988098144531,0.179185152053833
80,0.15494386355082193,0.20239988962809244
90,0.19322784741719565,0.22482617696126303
100,0.2359162966410319,0.25306010246276855
