n,mp,mp11
0,0.01645215352376302,0.11854052543640137
10,0.021514097849527996,0.12058901786804199
20,0.026309092839558918,0.12493165334065755
30,0.03138407071431478,0.12975502014160156
40,0.03821794191996256,0.1353611946105957
50,0.04686133066813151,0.14490890502929688
60,0.05628450711568197,0.15421406428019205
70,0.0667877991994222,0.16452288627624512
80,0.07967106501261394,0.1749995549519857
90,0.09373704592386882,0.1899864673614502
100,0.10955198605855306,0.20377055803934732
