n,mp,mp11
0,0.0002159118652343764,0
10,0.0052577018737792955,0.00201597213745118
20,0.009765005111694338,0.006269168853759763
30,0.015522336959838866,0.010677289962768566
40,0.02257661819458008,0.0170712947845459
50,0.03092970848083496,0.02566242218017578
60,0.04058370590209961,0.033404922485351554
70,0.05138940811157226,0.045772695541381844
80,0.06434602737426758,0.05673737525939941
90,0.07825675010681152,0.07119488716125488
100,0.09371113777160645,0.08565483093261718
