n,mp,mp11
0,0.016250801086425782,0.11834073066711426
10,0.021134233474731444,0.12067327499389649
20,0.025485944747924805,0.12490715980529785
30,0.03127903938293457,0.1296388626098633
40,0.03853588104248047,0.1356876850128174
50,0.04672870635986328,0.14431729316711425
60,0.05643553733825683,0.1540609836578369
70,0.06707210540771484,0.16409654617309571
80,0.08009567260742187,0.1753377914428711
90,0.0941807746887207,0.18978261947631836
100,0.10955400466918945,0.20401482582092284
