n,mp,mp11
0,0.016148885091145832,0.11821452776590984
10,0.02100340525309245,0.12049357096354167
20,0.025667905807495117,0.12468536694844563
30,0.0313878059387207,0.1289841334025065
40,0.038495540618896484,0.13572891553243002
50,0.04639029502868652,0.1442445913950602
60,0.05638678868611654,0.1537147363026937
70,0.0671537717183431,0.1640933354695638
80,0.0805986722310384,0.17499295870463052
90,0.0934743881225586,0.18939685821533203
