n,mp,mp11
0,0.016204039255777996,0.11838666598002116
10,0.021045843760172527,0.12051224708557129
20,0.025542656580607098,0.12417085965474446
30,0.03178302447001139,0.1298832893371582
40,0.039597272872924805,0.13544384638468424
50,0.046532392501831055,0.1444095770517985
60,0.05675951639811198,0.1549541155497233
70,0.06698989868164062,0.16460522015889487
80,0.07981149355570476,0.1747267246246338
90,0.09493048985799153,0.19083944956461588
100,0.10882870356241862,0.20398028691609701
