n,mp,mp11
0,0.016391992568969727,0.11797833442687988
1,0.017256498336791992,0.11864542961120605
