n,mp,type_pack_element,p1858,p2996,mp11,nth_pack_element
0,0.01908707618713379,0.015583276748657227,0.014735698699951172,0.7230937480926514,0.1472160816192627,0.09975481033325195
1,0.01966547966003418,0.01575613021850586,0.015469551086425781,0.7368459701538086,0.14806079864501953,0.09969687461853027
