n,mp,mp11
0,0.019345760345458984,0.1467139720916748
10,0.03366168340047201,0.1540508270263672
20,0.05902902285257975,0.16747093200683594
30,0.09502156575520833,0.18633429209391275
40,0.14390206336975098,0.2114731470743815
50,0.20452292760213217,0.2455439567565918
60,0.2765151659647624,0.2828299204508464
70,0.36226757367451984,0.33077184359232586
80,0.4601896603902181,0.38652873039245605
90,0.5735932191212972,0.45583566029866535
100,0.6917704741160074,0.5255454381306967
