n,mp,mp11
0,0.01961064338684082,0.1461331844329834
1,0.02165389060974121,0.1472179889678955
