n,mp,mp11
0,0.0002592404683430978,0
10,0.014089902242024742,0.0074427127838134766
20,0.0399316946665446,0.020481427510579436
30,0.07585056622823079,0.03946208953857422
40,0.12516085306803384,0.06453593571980795
50,0.185805877049764,0.09898392359415689
60,0.2590515613555908,0.140330712000529
70,0.3440891106923421,0.18828789393107095
80,0.44400572776794434,0.24573445320129392
90,0.5603965123494465,0.3114949862162272
100,0.680199384689331,0.3881874084472656
