n,mp,mp11
0,0.018761634826660156,0.148298978805542
10,0.031671365102132164,0.15402849515279135
20,0.05792442957560221,0.16703399022420248
30,0.0939623514811198,0.18631490071614584
40,0.14412323633829752,0.2104625701904297
50,0.20520408948262533,0.24536856015523276
60,0.27665940920511883,0.28389231363932294
70,0.3603200912475586,0.3342427412668864
80,0.46002546946207684,0.38594675064086914
90,0.5747804641723633,0.45362146695454914
100,0.6963304678599039,0.5258720715840658
