n,mp,mp11
0,0.019385433197021483,0.14738340377807618
10,0.03357248306274414,0.15440964698791504
20,0.05910391807556152,0.167663049697876
30,0.0953451156616211,0.18741941452026367
40,0.14470410346984863,0.21225228309631347
50,0.2050051212310791,0.2457822799682617
60,0.276790714263916,0.2853663444519043
70,0.3627582550048828,0.3349283218383789
80,0.4591977596282959,0.3889151573181152
90,0.5755887508392334,0.45899252891540526
100,0.6954432010650635,0.5273858070373535
