n,mp,mp11
0,0.019526561101277668,0.1478296915690104
10,0.03325565656026205,0.15537269910176596
20,0.05923819541931152,0.16855033238728842
30,0.09476780891418457,0.1874408721923828
40,0.14439821243286133,0.21119356155395508
50,0.20502718289693198,0.24675695101420084
60,0.27815985679626465,0.28882137934366864
70,0.3635404904683431,0.3359981377919515
80,0.46366143226623535,0.39493830998738605
90,0.5795878569285074,0.45841773351033527
100,0.699287494023641,0.5357786019643148
