n,mp,mp11
0,0.019177834192911785,0.1466862360636393
10,0.033831119537353516,0.15403874715169272
20,0.05894827842712402,0.167370875676473
30,0.09507989883422852,0.18697675069173178
40,0.14441315333048502,0.21138874689737955
50,0.20434745152791342,0.24613173802693686
60,0.2765626112620036,0.2851521174112956
70,0.3616684277852376,0.33295265833536786
80,0.4579799175262451,0.3886269728342692
90,0.5743038654327393,0.45749855041503906
