n,mp,mp11
0,0.018673181533813477,0.14687124888102213
10,0.034172773361206055,0.15431483586629233
20,0.05977710088094076,0.16711815198262533
30,0.09825571378072102,0.18842299779256186
40,0.14913042386372885,0.21380201975504556
50,0.21039676666259766,0.24584039052327475
60,0.2832278410593669,0.28870614369710285
70,0.3719333012898763,0.3354837894439697
80,0.46805516878763836,0.3948189417521159
90,0.5896591345469157,0.46165720621744794
100,0.7054538726806641,0.5342625776926676
