n,mp,mp11
0,0.019384066263834637,0.14707167943318686
10,0.03509298960367838,0.15456549326578775
20,0.06136878331502279,0.16768829027811685
30,0.09938987096150716,0.18686787287394205
40,0.14890360832214355,0.21249969800313315
50,0.21003135045369467,0.24691025416056314
60,0.2835265000661214,0.2862812678019206
70,0.37125786145528156,0.3341941038767497
80,0.4674238363901774,0.38939420382181805
90,0.583298921585083,0.4583067099253337
