n,mp,mp11
0,0.019046465555826824,0.1468813419342041
10,0.03599341710408529,0.15440241495768228
20,0.06112408638000488,0.16733495394388834
30,0.09945066769917806,0.18721810976664224
40,0.1488962173461914,0.21269766489664713
50,0.21037912368774414,0.24690000216166177
60,0.28405284881591797,0.28749704360961914
70,0.37154022852579754,0.33504676818847656
80,0.4687503178914388,0.39030830065409344
90,0.5857859452565511,0.45697776476542157
100,0.7032361825307211,0.5284849007924398
