n,mp,mp11
0,0.019706010818481445,0.1456451416015625
1,0.02057480812072754,0.1466360092163086
