n,mp,mp11
0,2.603530883788993e-05,0.00030250549316404585
10,0.016393089294433595,0.007345485687255848
20,0.041884756088256835,0.020773792266845698
30,0.08042678833007813,0.04116287231445315
40,0.12967190742492676,0.06801991462707521
50,0.19094595909118653,0.10059075355529787
60,0.26444392204284667,0.1401857376098633
70,0.35251054763793943,0.1875702381134033
80,0.45225043296813966,0.24501047134399412
90,0.565790843963623,0.3140266895294189
100,0.6878535270690918,0.3823876857757569
