n,mp,mp11
0,0.020003239313761394,0.14856870969136557
10,0.034530321756998696,0.1553183396657308
20,0.061806678771972656,0.16901620229085287
30,0.09998369216918945,0.18961238861083984
40,0.1489259401957194,0.21315757433573404
50,0.20992493629455566,0.2487776279449463
60,0.2839258511861165,0.2908995946248372
70,0.37123719851175946,0.33620699246724445
80,0.46666741371154785,0.3928639888763428
90,0.5852471987406412,0.4581878185272217
100,0.7101747194925944,0.5343798796335856
