n,mp,mp11
0,0.019416379928588866,0.14738826751708983
10,0.035631418228149414,0.15472617149353027
20,0.061271381378173825,0.16798124313354493
30,0.09966235160827637,0.1883253574371338
40,0.14887213706970215,0.21522397994995118
50,0.2102062225341797,0.24787254333496095
60,0.28368072509765624,0.28716721534729006
70,0.3718040943145752,0.334893798828125
80,0.47130470275878905,0.39202027320861815
90,0.5850244522094726,0.4613387107849121
100,0.7070678234100342,0.5296937465667725
