n,circle,mp11
0,0.023441791534423828,0.08869576454162598
10,0.024201313654581707,0.09050385157267253
20,0.024419466654459637,0.09345777829488118
30,0.025298118591308594,0.09723321596781413
40,0.02653161684672038,0.10251418749491374
50,0.02791571617126465,0.10723114013671875
60,0.029942433039347332,0.1139966646830241
70,0.03210226694742838,0.12268312772115071
80,0.033968846003214516,0.13013537724812826
90,0.03657174110412598,0.14053988456726074
100,0.039530038833618164,0.151076078414917
