n,circle,mp11
0,0.03216218948364258,0.09023022651672363
10,0.023663043975830078,0.0905294418334961
20,0.024524688720703125,0.09538769721984863
30,0.025251150131225586,0.09810352325439453
40,0.02657008171081543,0.13095641136169434
50,0.02765369415283203,0.11769294738769531
60,0.02949380874633789,0.11685347557067871
70,0.032151222229003906,0.12260818481445312
80,0.032987356185913086,0.13553333282470703
90,0.035227060317993164,0.14051008224487305
100,0.03846240043640137,0.1518547534942627
