n,circle,mp11
0,0.036475181579589844,0.08698153495788574
10,0.0233612060546875,0.08931446075439453
20,0.024134397506713867,0.0927724838256836
30,0.025063037872314453,0.09642410278320312
40,0.026351213455200195,0.10128569602966309
50,0.02752232551574707,0.10587382316589355
60,0.02934861183166504,0.11343646049499512
70,0.031624555587768555,0.12036776542663574
80,0.033922433853149414,0.12933802604675293
90,0.03600907325744629,0.13909387588500977
100,0.03915596008300781,0.14991545677185059
