n,circle,mp11
0,0.00016622543334960868,0
10,0.00019431114196777344,0.0015172958374023438
20,0.0007759094238281271,0.004271888732910151
30,0.0020384788513183594,0.008321285247802734
40,0.0030034542083740255,0.01349954605102538
50,0.004622602462768556,0.01790680885314941
60,0.0058383941650390625,0.02457795143127442
70,0.008025407791137695,0.03313236236572266
80,0.01038222312927246,0.04103093147277831
90,0.01274595260620117,0.05101933479309083
100,0.01592016220092773,0.061777782440185544
