n,circle,mp11
0,0.023758649826049805,0.08899966875712077
10,0.024052858352661133,0.08880782127380371
20,0.024487018585205078,0.0896140734354655
30,0.025256951649983723,0.09012985229492188
40,0.026552200317382812,0.09163188934326172
50,0.027736822764078777,0.09210737546284993
60,0.02927406628926595,0.09404595692952473
70,0.031102657318115234,0.09741568565368652
80,0.03322561581929525,0.09818712870279948
90,0.0355836550394694,0.10100189844767253
100,0.03803062438964844,0.10388755798339844
