n,circle,mp11
0,0.00011579195658366001,0
10,0.0004794597625732422,0
20,0.0009042421976725272,0
30,0.001276890436808266,0.001153707504272461
40,0.0029546419779459647,0.0024788379669189453
50,0.004113117853800457,0.003238677978515625
60,0.0055280526479085275,0.004941225051879883
70,0.007402658462524414,0.008281230926513672
80,0.00933067003885905,0.009105443954467773
90,0.01189295450846354,0.01203076044718425
100,0.014421621958414715,0.014496485392252609
