n,circle,mp11
0,0.023850154876708985,0.0884932041168213
10,0.024158287048339843,0.08877363204956054
20,0.02466616630554199,0.0896726131439209
30,0.025590801239013673,0.09024958610534668
40,0.026477289199829102,0.09132180213928223
50,0.02768545150756836,0.09222931861877441
60,0.029248523712158202,0.09400815963745117
70,0.03160710334777832,0.09679479598999023
80,0.03334851264953613,0.09813227653503417
90,0.03591246604919433,0.10012955665588379
100,0.038105201721191403,0.10403385162353515
