n,circle,mp11
0,0.0234527587890625,0.08753228187561035
10,0.02408003807067871,0.08778905868530273
20,0.024588584899902344,0.08819723129272461
30,0.024956226348876953,0.08943462371826172
40,0.025798797607421875,0.09035062789916992
50,0.027318716049194336,0.09325170516967773
60,0.02883458137512207,0.09388566017150879
70,0.030577659606933594,0.0969078540802002
80,0.03277420997619629,0.09742856025695801
90,0.03492879867553711,0.09965229034423828
100,0.03853344917297363,0.10262370109558105
