n,circle,mp11
0,0,0
10,0.00043876965840657783,0
20,0.0009713172912597656,0.001367330551147461
30,0.0017139911651611328,0.005726893742879227
40,0.003301699956258137,0.009845177332560226
50,0.004633665084838867,0.016562064488728837
60,0.006183783213297527,0.02404419581095378
70,0.008074680964152016,0.0355840524037679
80,0.0102081298828125,0.047484556833903
90,0.013219118118286136,0.06251112620035806
100,0.015284538269042965,0.0802312692006429
