n,circle,mp11
0,0.0235288143157959,0.08870855967203777
10,0.023985783259073894,0.08920001983642578
20,0.024434566497802734,0.09088381131490071
30,0.02554623285929362,0.09482463200887044
40,0.026842355728149414,0.09903502464294434
50,0.028279860814412434,0.10534048080444336
60,0.029819250106811523,0.11307374636332194
70,0.03159658114115397,0.12486982345581055
80,0.03378653526306152,0.13631494839986166
90,0.036708672841389976,0.15160504976908365
100,0.03924099604288737,0.16973058382670084
