n,circle,mp11
0,0.023948192596435547,0.08872599601745605
10,0.023971414566040038,0.08876233100891114
20,0.0246795654296875,0.09097466468811036
30,0.02537994384765625,0.09441199302673339
40,0.02651081085205078,0.09947185516357422
50,0.028188419342041016,0.105084228515625
60,0.0300473690032959,0.11357903480529785
70,0.03183026313781738,0.1255673885345459
80,0.034098052978515626,0.13693270683288575
90,0.03660216331481934,0.1515211582183838
100,0.039401674270629884,0.1709430694580078
