n,circle,mp11
0,0.023471593856811523,0.08833980560302734
10,0.023975610733032227,0.08860301971435547
20,0.024559497833251953,0.09065890312194824
30,0.025414228439331055,0.0942528247833252
40,0.026365041732788086,0.09906363487243652
50,0.027707576751708984,0.10455822944641113
60,0.029941082000732422,0.11451005935668945
70,0.03200554847717285,0.12522411346435547
80,0.03387570381164551,0.1369626522064209
90,0.036900997161865234,0.15207314491271973
100,0.03919649124145508,0.16862773895263672
