n,mp,type_pack_element,mp11,nth_pack_element
0,0.022991418838500977,0.020555973052978516,0.1414644718170166,0.056780338287353516
1,0.023452281951904297,0.019870281219482422,0.14242219924926758,0.05800819396972656
