n,mp,mp11
0,0.024067068099975587,0.14331135749816895
10,0.036697101593017575,0.14712090492248536
20,0.055966758728027345,0.1535426616668701
30,0.08156161308288574,0.1626359462738037
40,0.11433062553405762,0.17280778884887696
50,0.1530914783477783,0.18616943359375
60,0.19950284957885742,0.20142149925231934
70,0.2514957427978516,0.21928033828735352
80,0.31284666061401367,0.2400177001953125
90,0.3804813861846924,0.26395816802978517
100,0.45290117263793944,0.2893885612487793
