n,mp,mp11
0,0.0005686283111572266,0.00011339187622069757
10,0.012889432907104488,0.00390987396240236
20,0.0324439525604248,0.010292005538940413
30,0.058043193817138676,0.01854343414306639
40,0.09062018394470216,0.0299375057220459
50,0.12943110466003416,0.04299793243408201
60,0.17572460174560547,0.057539606094360346
70,0.22766604423522951,0.0759584903717041
80,0.289609432220459,0.09682168960571289
90,0.3569979190826416,0.12064080238342287
100,0.42948174476623535,0.14613308906555178
