n,mp,mp11
0,0.023606618245442707,0.14339621861775717
10,0.03673903147379557,0.14812692006429037
20,0.056073904037475586,0.1535028616587321
30,0.08141581217447917,0.1620771884918213
40,0.11372049649556477,0.17256665229797363
50,0.15269033114115396,0.1864034334818522
60,0.19913411140441895,0.2008829116821289
70,0.25100453694661456,0.21912852923075357
80,0.3132079442342122,0.24017977714538574
90,0.3804253737131755,0.2617366313934326
