n,mp,mp11
0,0.024188836415608723,0.14429624875386557
10,0.0363926887512207,0.14826480547587076
20,0.05548596382141113,0.15408078829447427
30,0.08162045478820801,0.1625195344289144
40,0.11383708318074544,0.17444594701131186
50,0.15255268414815268,0.18746320406595865
60,0.19935162862141928,0.2024530569712321
70,0.2525503635406494,0.2196176846822103
80,0.31329139073689777,0.24083709716796875
90,0.38307921091715497,0.2651365598042806
100,0.45765264828999835,0.2887233893076579
