n,mp,mp11
0,0.023794889450073242,0.1417219638824463
1,0.024503231048583984,0.14181065559387207
