n,mp,mp11
0,0.023697853088378906,0.14338604609171549
10,0.036919196446736656,0.1490959326426188
20,0.06026148796081543,0.1608611742655436
30,0.09454933802286784,0.17846528689066568
40,0.14080158869425455,0.20120835304260254
50,0.1974810759226481,0.23212281862894693
60,0.26470263799031574,0.26632102330525714
70,0.34715819358825684,0.30885060628255206
80,0.4390553633371989,0.3615163167317708
90,0.547651449839274,0.4191014766693115
