n,mp,mp11
0,5.9604644775390625e-05,0.0012462139129638672
10,0.013415416081746418,0.006077925364176423
20,0.0358734130859375,0.01687765121459961
30,0.07148702939351399,0.036798636118570954
40,0.11783480644226074,0.06004031499226886
50,0.1735826333363851,0.09078454971313477
60,0.24195353190104169,0.1250454584757487
70,0.3241565227508545,0.16647775967915854
80,0.41840378443400067,0.21611046791076657
90,0.5258595148722331,0.27621547381083167
100,0.6410014629364014,0.3413205941518148
