n,mp,mp11
0,0.023658037185668945,0.14478731155395508
10,0.03703157107035319,0.15002703666687012
20,0.059905687967936196,0.16155743598937988
30,0.09498079617818196,0.18079209327697754
40,0.1412215232849121,0.20321146647135416
50,0.1967000961303711,0.2347873051961263
60,0.26546518007914227,0.26914358139038086
70,0.34720953305562335,0.3104274272918701
80,0.4412180582682292,0.36031850179036456
90,0.549112876256307,0.41915345191955566
100,0.6644724210103353,0.4846927324930827
