n,mp,mp11
0,0.023851633071899414,0.14201736450195312
1,0.024126052856445312,0.14326810836791992
