n,mp,mp11
0,0.023687267303466798,0.14338741302490235
10,0.037033796310424805,0.15005803108215332
20,0.06025228500366211,0.16104092597961425
30,0.09468927383422851,0.17884445190429688
40,0.14082298278808594,0.20250096321105956
50,0.19777898788452147,0.2328695297241211
60,0.2654181957244873,0.2688458442687988
70,0.3478384017944336,0.3103636264801025
80,0.4389330387115479,0.36156291961669923
90,0.548717737197876,0.421596622467041
100,0.6615722179412842,0.48611931800842284
