n,mp,mp11
0,0.023940896987915038,0.14339942932128907
10,0.0281888484954834,0.1463292121887207
20,0.031808996200561525,0.14984259605407715
30,0.0368037223815918,0.15476632118225098
40,0.04334225654602051,0.15778493881225586
50,0.05127606391906738,0.16317138671875
60,0.059912824630737306,0.1694798946380615
70,0.07186851501464844,0.1755662441253662
80,0.08384132385253906,0.18350367546081542
90,0.09637575149536133,0.192645263671875
100,0.11224508285522461,0.20200662612915038
