n,mp,mp11
0,0.023008346557617188,0.1410510540008545
1,0.024470806121826172,0.14262938499450684
