n,mp,mp11
0,0.023773590723673504,0.1432069937388102
10,0.027869383494059246,0.1464234987894694
20,0.031242211659749348,0.14990011850992838
30,0.03656744956970215,0.15290109316507974
40,0.043361504872639976,0.15827027956644693
50,0.05082949002583822,0.1625181039174398
60,0.05980245272318522,0.16864585876464844
70,0.07150030136108398,0.17555085817972818
80,0.08354274431864421,0.18384504318237305
90,0.09637316068013509,0.19241062800089517
100,0.11154031753540039,0.20285749435424805
