n,mp,mp11
0,0.00030700365702311314,0
10,0.004144906997680664,0.0028514862060546875
20,0.007891416549682617,0.006355683008829743
30,0.012754519780476887,0.009510835011800112
40,0.019580920537312828,0.014777660369873047
50,0.027168671290079754,0.018990914026896177
60,0.036147753397623696,0.024697144826253264
70,0.04773132006327312,0.032213687896728516
80,0.05982359250386557,0.04124927520751953
90,0.07280429204305013,0.04879498481750488
100,0.08815431594848633,0.06009054183959961
