n,mp,mp11
0,0.02373679478963216,0.14297008514404297
10,0.027956485748291016,0.14620677630106607
20,0.03163997332255045,0.14864667256673178
30,0.03646691640218099,0.15221532185872397
40,0.04324014981587728,0.15701071421305338
50,0.05085253715515137,0.16286849975585938
60,0.059830665588378906,0.1685929298400879
70,0.07150046030680339,0.17546351750691733
80,0.08358240127563477,0.18347748120625815
90,0.09657573699951172,0.1922608216603597
