n,mp,mp11
0,0.02374855677286784,0.14359386761983237
10,0.03800884882609049,0.14969881375630698
20,0.06253576278686523,0.16108965873718262
30,0.09793750445048015,0.1792131265004476
40,0.14468932151794434,0.20252577463785806
50,0.20316569010416666,0.2337042490641276
60,0.2728883425394694,0.2697576681772868
70,0.35568896929423016,0.3107287883758545
80,0.44605374336242676,0.363953431447347
90,0.5573097864786783,0.42123858133951825
