n,mp,mp11
0,0.0003570715586344378,0
10,0.01501599947611491,0.007768551508585603
20,0.039255380630493164,0.017894188563028962
30,0.07539709409077962,0.03741645812988281
40,0.12094942728678386,0.05931878089904785
50,0.17945869763692218,0.09254678090413412
60,0.24981037775675455,0.1264595985412598
70,0.33171701431274414,0.16823776563008627
80,0.4249357382456461,0.21990315119425458
90,0.5382164319356283,0.28133424123128253
100,0.6528546015421549,0.34395019213358563
