n,mp,mp11
0,0.0238949457804362,0.14328519503275552
10,0.03801210721333822,0.14956418673197427
20,0.062233686447143555,0.16084694862365723
30,0.0984350045522054,0.1794282595316569
40,0.14459657669067383,0.20189976692199707
50,0.20333282152811685,0.23379929860432944
60,0.2729652722676595,0.2695515950520833
70,0.35546112060546875,0.3126261234283447
80,0.44847607612609863,0.36206936836242676
90,0.5614039103190104,0.41922545433044434
100,0.6723963419596354,0.48437682787577313
