n,mp,mp11
0,0.023642301559448242,0.14448819160461426
10,0.03818941116333008,0.15009021759033203
20,0.06288332939147949,0.1614841938018799
30,0.09808788299560547,0.17992353439331055
40,0.14536089897155763,0.20310626029968262
50,0.20315790176391602,0.23427319526672363
60,0.2728424549102783,0.2695903778076172
70,0.3561708927154541,0.3142733097076416
80,0.4499058246612549,0.364567232131958
90,0.5610164642333985,0.42369704246520995
100,0.6747864723205567,0.48714494705200195
