n,mp,mp11
0,0.023789644241333008,0.1415853500366211
1,0.025158166885375977,0.14310598373413086
