n,mp,mp11
0,0.02357800801595052,0.14439916610717773
10,0.02750110626220703,0.14418721199035645
20,0.03155668576558431,0.1463447411855062
30,0.036742448806762695,0.1480554739634196
40,0.04311633110046387,0.151656707127889
50,0.05185564359029134,0.15456287066141763
60,0.06186143557230631,0.15949320793151855
70,0.0730581283569336,0.16985098520914713
80,0.08582560221354167,0.17151363690694174
90,0.09988991419474284,0.17821637789408365
100,0.11609125137329102,0.1876208782196045
