n,mp,mp11
0,0.024096155166625978,0.14321508407592773
10,0.02736983299255371,0.14424338340759277
20,0.03159432411193848,0.14552388191223145
30,0.036697769165039064,0.14748005867004393
40,0.04348125457763672,0.1506349563598633
50,0.052024126052856445,0.15451383590698242
60,0.06195192337036133,0.15929412841796875
70,0.0724639892578125,0.16497573852539063
80,0.08536748886108399,0.17177748680114746
90,0.10002970695495605,0.1783583164215088
100,0.11584606170654296,0.1866668701171875
