n,mp,mp11
0,0.02386927604675293,0.1435373624165853
10,0.027690013249715168,0.14374065399169922
20,0.031795660654703774,0.14497756958007812
30,0.03685299555460612,0.14715147018432617
40,0.04372223218282064,0.1505906581878662
50,0.05216209093729655,0.15448427200317383
60,0.06171504656473795,0.15943415959676108
70,0.07271472613016765,0.16443594296773276
80,0.08552185694376628,0.17148319880167642
90,0.0998833179473877,0.17847228050231934
