n,mp,mp11
0,0,0.0008643468221028738
10,0.0037252108256022147,0.0012491544087727957
20,0.007646242777506512,0.0025130907694498883
30,0.012864271799723308,0.004369338353474916
40,0.019205252329508465,0.007852315902709961
50,0.028098265329996746,0.01085042953491211
60,0.03805128733317057,0.015414635340372712
70,0.04923335711161296,0.02626204490661621
80,0.06210525830586752,0.027297576268514007
90,0.07631905873616537,0.03440372149149576
100,0.09208536148071289,0.04466724395751953
