n,mp,mp11
0,0.023448705673217773,0.1412820816040039
1,0.024153709411621094,0.14239192008972168
