n,mp,mp11
0,0.02367122968037923,0.14382052421569824
10,0.027048349380493164,0.14521479606628418
20,0.030888716379801433,0.1477819283803304
30,0.03607694307963053,0.1514573097229004
40,0.04332327842712402,0.1503592332204183
50,0.05126150449117025,0.15486836433410645
60,0.06144897143046061,0.16142797470092773
70,0.072723388671875,0.16530410448710123
80,0.08530203501383464,0.17281174659729004
90,0.10095898310343425,0.17927042643229166
100,0.11607980728149414,0.18888545036315918
