n,mp,mp11
0,0.000361776351928713,7.529258728028454e-05
10,0.010503196716308595,0.0016170501708984153
20,0.026760435104370116,0.005456113815307612
30,0.04867420196533204,0.012767457962036127
40,0.07838921546936034,0.02577180862426759
50,0.11307168006896971,0.04234852790832519
60,0.15711259841918945,0.06141076087951661
70,0.2055190086364746,0.0902029037475586
80,0.26410632133483886,0.12035307884216309
90,0.3261846542358398,0.1558800220489502
100,0.39588499069213867,0.19656643867492674
