n,mp,mp11
0,0.023802518844604492,0.14497963587443033
10,0.0345908006032308,0.14590827624003092
20,0.050838629404703774,0.15038323402404785
30,0.07262500127156575,0.1564486026763916
40,0.10291775067647298,0.16907707850138345
50,0.13950093587239584,0.18656365076700845
60,0.1842926343282064,0.20827221870422363
70,0.23804918924967447,0.23743557929992676
80,0.28906774520874023,0.27340197563171387
90,0.3586520353953044,0.30876930554707843
100,0.4387531280517578,0.34244728088378906
