n,mp,mp11
0,0.02353382110595703,0.14335338274637857
10,0.033634026845296226,0.1442383130391439
20,0.050238609313964844,0.14903704325358072
30,0.07264335950215657,0.15634449323018393
40,0.10208463668823242,0.16855859756469727
50,0.13751769065856934,0.18567434946695963
60,0.1800518035888672,0.20607240994771323
70,0.2292015552520752,0.2326059341430664
80,0.2860729694366455,0.2631210486094157
90,0.3485681215922038,0.29935359954833984
