n,mp,mp11
0,0.024007272720336915,0.14378905296325684
10,0.03412942886352539,0.14464168548583983
20,0.050141429901123045,0.1488870620727539
30,0.07272658348083497,0.15642962455749512
40,0.10222377777099609,0.1691760540008545
50,0.1380436897277832,0.18579750061035155
60,0.18053007125854492,0.2050856590270996
70,0.22922229766845703,0.2334434986114502
80,0.28801465034484863,0.26384592056274414
90,0.3498953342437744,0.299473237991333
100,0.4197085857391357,0.3400383949279785
