n,mp,mp11
0,0.022999048233032227,0.14181208610534668
1,0.02440166473388672,0.14237594604492188
