n,mp,mp11
0,0.023769617080688477,0.14199542999267578
1,0.024512052536010742,0.14269590377807617
