n,mp,mp11
0,0.02376691500345866,0.14295784632364908
10,0.034076849619547524,0.14620471000671387
20,0.0642096996307373,0.15278244018554688
30,0.1335484186808268,0.1644932428995768
40,0.25961867968241376,0.17742443084716797
50,0.45801742871602374,0.19313359260559082
60,0.7482149600982666,0.21524898211161295
70,1.1546014149983723,0.23885051409403482
80,1.6829684575398762,0.26637808481852215
90,2.3515952428181968,0.30103325843811035
100,3.1685825983683267,0.33110276858011883
