n,mp,mp11
0,0.0005396207173665388,0.00011277198791503906
10,0.010362227757771809,0.0036802291870117188
20,0.040535688400268555,0.010742584864298493
30,0.10998272895812987,0.021079063415527344
40,0.23579859733581543,0.03474998474121094
50,0.43572251001993817,0.052022616068522126
60,0.7284058729807535,0.07431817054748535
70,1.1249679724375405,0.09669669469197592
80,1.6484840710957844,0.12383604049682617
90,2.3372514247894287,0.15839489301045737
100,3.1473223368326826,0.18775351842244467
