n,mp,mp11
0,0.02387261390686035,0.14372952779134116
10,0.033776283264160156,0.14682602882385254
20,0.06429394086201985,0.15410280227661133
30,0.13281901677449545,0.16409198443094888
40,0.2604195276896159,0.17770091692606607
50,0.45800018310546875,0.19448129336039224
60,0.7477498849232992,0.2159419854482015
70,1.1531343460083008,0.2396677335103353
80,1.6740827560424805,0.2672029336293538
90,2.3466548919677734,0.29899009068806964
