n,mp,mp11
0,0.02388588587443034,0.14418554306030273
10,0.033921400705973305,0.1473552385965983
20,0.06419459978739421,0.15479063987731934
30,0.1334568659464518,0.16465290387471518
40,0.2596302032470703,0.17838780085245767
50,0.4593347708384196,0.1950066089630127
60,0.7521208922068278,0.21733641624450684
70,1.148734410603841,0.24100661277770996
80,1.6714671452840169,0.2676846981048584
90,2.360907554626465,0.3020036220550537
100,3.1709616978963218,0.3312484423319499
